,title,address,district,devname,price,area
0,K. City・Tower 3 FLAT F,7 MUK NING STREET,Kai Tak New Area,K.WAH,$6.08M,356
1,TSEUNG KWAN O PLAZA・PHASE 1・TOWER 3A Low Floor・FLAT F,1 TONG TAK STREET,Tseung Kwan O,NAN FUNG,$6.2M,456
2,VISALIA GARDEN Middle Floor・FLAT B,48 MACDONNELL ROAD,Mid-Levels Central,,$55.5M,"1,848"
3,COASTAL SKYLINE・PHASE 1・BLOCK 1 Low Floor,12 TUNG CHUNG WATERFRONT ROAD,Tung Chung Town Centre,HKR INTERNATIONAL/MTR/RECO TUNG CHUNG/HONG LEONG,$6.5M,592
4,YOHO TOWN・Phase 1・BLOCK 6 Low Floor・FLAT C,8 YUEN LUNG STREET,Yuen Long Station,SUN HUNG KAI,$5.2M,411
5,Sereno Verde・Phase 4 La Pradera・Tower 12,99 TAI TONG ROAD,Yuen Long Southeast,HENDERSON/NEW WORLD,$3.98M,501
6,Tuen Mun Town Plaza,TUEN LUNG STREET,Tuen Mun Town Centre,,$3.2M,327
7,Lake Silver・Tower 5 Low Floor・FLAT G,599 SAI SHA ROAD,Wu Kai Sha,SINO/MTR,$9.7M,700
8,The Riverpark Low Floor・FLAT F,8 CHE KUNG MIU ROAD,Tai Wai,NEW WORLD,$8.38M,507
9,Ocean Pride・Phase 3A Ocean Supreme・Tower 3A Low Floor・FLAT D,100 TAI HO ROAD,Tsuen Wan West,MTR/CHEUNG KONG,$15.7M,820
10,Victoria Skye・Ocean Waves Tower 2 Middle Floor・FLAT C,1 MUK NING STREET,Kai Tak New Area,K & K PROPERTY,$7.99M,461
11,MAYFAIR BY THE SEA Low Floor・FLAT B,FO CHUN ROAD,Pak Shek Kok,SINO,$13.8M,"1,217"
12,MAYFAIR BY THE SEA・II High Floor,21 FO CHUN ROAD,Pak Shek Kok,SINO,$45M,"1,713"
13,SHUN FUNG BUILDING Low Floor,9 FUNG YAU STREET NORTH,Yuen Long Town Centre,,$4.48M,401
14,WETLAND SEASONS PARK・Phase 1・TOWER 21 High Floor・FLAT A2,9 WETLAND PARK ROAD,Tin Shui Wai,SUN HUNG KAI,$6.58M,540
15,DISCOVERY PARK・PHASE 1・BLOCK 4,398 CASTLE PEAK ROAD TSUEN WAN,Discovery Park,,$3.55M,474
16,FICUS GARDEN,11 LOK KING STREET,Fo Tan,,$8M,643
17,FESTIVAL CITY・Phase 2・TOWER 2 High Floor・FLAT NB,1 MEI TIN ROAD,Tai Wai,MTR/CHEUNG KONG,$13.8M,958
18,GRAND CENTRAL・PHASE 2・TOWER 3 Middle Floor・FLAT A,33 HIP WO STREET,Kwun Tong,URBAN RENEWAL AUTHORITY/SINO/CHINESE ESTATES HOLDING,$14.5M,832
19,MERRY GARDEN Middle Floor・FLAT 3,90 KENNEDY ROAD,Mid-Levels Central,,$17.5M,975
20,SERENO VERDE・Phase 1・BLOCK 2 High Floor,99 TAI TONG ROAD,Yuen Long Southeast,HENDERSON/NEW WORLD,$5.8M,561
21,Discovery Park・Phase 2・Block 8 Low Floor・FLAT A,398 CASTLE PEAK ROAD TSUEN WAN,Discovery Park,,$7.78M,659
22,LUK YEUNG SUN CHUEN・BLOCK C Low Floor・FLAT 1,22-66 WAI TSUEN ROAD,Luk Yeung,HONG KONG LAND/MTR/KIU KWAN EST/JARDINE MATHESON,$6.8M,582
23,PARK ISLAND・PHASE 5 OCEANCREST・TOWER 29,8 PAK LAI ROAD,Ma Wan,SUN HUNG KAI,$28M,"1,464"
